{
  "version": "1.0",
  "defaultProvider": "unpkg",
  "libraries": [
    {
      "library": "moment@2.24.0",
      "destination": "wwwroot/lib/moment/",
      "files": [
        "moment.js",
        "min/moment.min.js"
      ]
    },
    {
      "library": "@aspnet/signalr@1.1.2",
      "destination": "wwwroot/lib/signalr/",
      "files": [
        "dist/browser/signalr.js",
        "dist/browser/signalr.js.map",
        "dist/browser/signalr.min.js",
        "dist/browser/signalr.min.js.map"
      ]
    }
  ]
}